{"initial_reset_timestamp": 1618877840.9617176, "timestamps": [1618877848.689861, 1618877856.2266216, 1618877859.8937926], "episode_lengths": [4244, 3903, 2023], "episode_rewards": [33600.0, 36000.0, 11200.0], "episode_types": ["t", "t", "t"]}